{"voters":{"0x28aa4F9ffe21365473B64C161b566C3CdeAD0108":956489.0266521294,"0xA5d896AcCC301fcaA21f03592269310e7444AA40":698709.3793072976,"0xE221D5371EF7334a76aAC4f70b94DD80d1C18a00":446078.80614418,"0xA66589142C46a20E747c68987A0CD46e5BC9fFC8":82648.18551611829,"0x43C4fF14DAe2Fbb389Dd94498C3D610A0c69a89d":384213.12236658554,"0xb5AA18B5B83D0DD0e5B78EF72eF35d13Ed731A03":379744.2515424705,"0x63DF7d9D7795883d56cA290f94aba8a6AA4F6f22":333900.093668758,"0xc6D3594E3605eeC43ecb479F552F7d21e28C38De":80998.78482596087,"0x1568d689ee54dcAC6B2e4F1240c0C969da3EA195":172904.72668546205,"0x3c5Aac016EF2F178e8699D6208796A2D67557fe2":61832.05988093154,"0xd25cDFFC867e96aD830731F26eeD0d7EF28BE2E0":39872.90627523787,"0x4815Ee939fE2efeC2f7bc415f0cE2282f6417fe9":24786.955121910687,"0xA67D2c03c3cfe6177a60cAed0a4cfDA7C7a563e0":98004.03995545441,"0x06FF56Da1bb2FE0dBf3c30E362f7eA05D5168620":11071.25272316238,"0x24ef39E84Abd49E36BB8d5b1952E00dD2365B604":24585.5936744869,"0xb79C662c667E056150d9BA0fec36217D6bB74049":15670.965149911595,"0xF8F8DefF2bb1Ec297772c0dD16D399cDE0708946":34398.563434950185,"0x357fe10b0CAa97c3d6cFB9987ceFA6e919eF7D1E":30606.438040191402,"0x8dd83E67F2633F41509EdF1Cb65FBf0e9E4f9fe0":29236.22075001448,"0xE32be3aA9b164357e9dF6e056431eaf8AA67bb19":26815.603217879056,"0x212f7d290dd23d0Df08e9f9959758ed4Eb6705E9":19680.256738356667,"0xd4cffd1Db38d276a412917CCC5B3460ea309F10C":19499.858148412903,"0x4Ffc5F22770ab6046c8D66DABAe3A9CD1E7A03e7":16648.94074151218,"0xf38b07B8ac72Ad70806E902c2ecFb7EdD36cA3f5":13746.635863855367,"0x3e6EdBa22D9cE22a7168406d26598AE20FE08e41":6569.068723351017,"0xb6ba7bB854330285D3e608c76aEB33d4F14B1810":13137.195033292071,"0x734e4186f3422614903c1463164ba1958127Ccb2":12160.801684616517,"0x8f786ff75A5dA2ee8A7eE2549dB464A5cbcdF718":10556.8073167776,"0xE7026eaD5Ce701558Bdd20B85aD0F4A8C47F09e2":10499.469079252722,"0x3Bb31C139aebEFdCE1d1c142362525bAbEA05D37":3099.071998878586,"0x7a511663FA4C7bFa168bC920A29dC96992ca774e":9014.031309357071,"0x768992817031203B010505F2C298e2e4f0510FEe":8820.522864868379,"0x0BdA0F33311E65379461D0A555BbD7669c0eaA22":8212.995932200047,"0xAC8b275b9ce0Fee06aBFB98ef20471A9E9dA56c4":8242.461089944582,"0x6410BAC85BA91F23E7fd31a3994048EA2486f063":8077.395658578126,"0x1AC41915889c4d958644968a473C8ca80eA54a69":7996.804899487864,"0x45aDc095D1c01A404568dDcCA532BEB4f9c0C777":7551.116885029941,"0x005b753A8E7E2a7C24030284C20f5C3574191b72":3515.156414291434,"0x6591a91f857a266101C79fD535f7E9EA7603a824":3195.5484508755176,"0xAa560Ad63cde52ac6249C493642CBd3Dc7E0B7a2":6390.297315699327,"0x080DD66992DD18e17b4E7dA0341418B80b53Ef4C":6205.365160854045,"0x09Fa38EBa245bb68354B8950FA2fe71f02863393":6041.942914001274,"0x1Be88f58a765F79722363c67a0d9735668D60786":5843.898521415047,"0xc4e5bf33d46A2f02d2375d5435747c4E731bEcaC":5809.6900964259385,"0x428b4f7347666915d738A7A68805243C19B83E18":5288.0115930077345,"0x7Fa4Ff7d05ec2c970A97Fa06A9D1141794d8c71F":5271.961923160166,"0x9ed786D41BefdC434e549C786C8Fc8841E14499C":5088.173142563718,"0x62b0edABF08dB394d5559E72d113268D48A69f6B":2220.6425473766535,"0x2B89ab979798e4c4bec2D10c0393AeB0944B640d":4240.259177237924,"0x47FE44e2A340a788F5faDd1ba91beF585f57A2CC":3868.3126396103416,"0x48C3A13eC8fF1B96269131135F69E0A6F6edB5e7":3810.4035292546187,"0xc265d8c5A2bDD6443713F4E88c5Ee767C3c80cb6":3797.1980578940797,"0x49920FA4F34476D18864215486bA0d40e66C6Fb7":3726.999406420091,"0xC95bd0c4144DF206890C1641D675C3c2C55108c4":912.5087076480173,"0x0E6bc05352AcF3098d14BF760283f0cc6d6Fea08":2555.9140610053955,"0xB1F4E4b9A137eD083c07a68620C88FC27f251040":3004.901238544069,"0xd298C5399ae8D8DE121433a77b6fEf8e440034d5":1500.4808070342851,"0xe2860665106CebB46BE5E1388595feE42f43CA5D":2969.496293761782,"0xCE5B6d4F24b06F9c93c42653695A26AB88f1B951":2968.7554167806843,"0x6c1333b30C53F132dD2D928d27892d89F110cbF8":2910.2855864719254,"0x14D4c1209938EB40a340CAd9c6bd7588D601881D":2810.173280830581,"0xFD76660954e43f1022647E15F9582F536412190D":2742.519069470591,"0x7cb6DE3Fe1Df1c4991489F95fc52EC3261ed624A":2636.5191820119676,"0xaa695A6577702153B62bDc4347d13CF3FA6C398B":1257.9797180586856,"0x53de09a5097B3853d45F03849DD67a2eA8671FF6":2496.749412692151,"0xB8922E08b04067470dF7bB242aF8d7361D3D0047":2411.41788158064,"0xE7377048eDeec220187b3f3B3dCB8B621fE26EfB":1188.3366262453226,"0x2Bf5Bf6977971E9428f4BF084D734f34e3eD9659":2349.0108171168913,"0x8Df2F71eC1948Eb7c497ffb51F1522F5B06A7A07":2298.155405233216,"0x97A691be9d335704C4FB63618Ae267b8e1bFE70a":2235.0900856815524,"0x789B3A661e6A48D386A3246606FCa9a8fFD1a75a":1432.2697761087165,"0x71742CC139223c3AD78a5f63D518F3C792A3f4C6":1063.0867008901696,"0x2D5c6Fee1B585904Ea39110DA94d0cA9672EfD41":2030.59504240364,"0x1bc2dd08c5332852CF647d746bC746B94d24950b":2001.3676126917826,"0xa9A979fcB2D8Caa59025A3fDD1Bc8A1b591162b6":1979.3241276482472,"0x7E97a8261Ba92479616899036ef303EBfEafE53D":1926.6048648810481,"0xF7190722ca6387C4Da99b866f562021Dd02e442a":948.2749704780747,"0xB2515a7221b2654F9Faae0E4eD1d0E49Aa7B85DD":1845.9532948846004,"0x3ce21222573F66bbD7E216fE85196A20F41546b3":1824.2102993720116,"0xb11BEA1080317bAe244429a9491a8d5A6F29A229":585.8689984905393,"0x9F4E715fddc7c5a4C66a1F908927443Dcd9d7647":1618.13872703405,"0x21feA8bB8603070E966E72AaBab83e0260433DFa":1532.5769676122932,"0x84b17C19424a487303630eE15659A8828Ff07DFc":1509.875517191262,"0xa3b926f6d2bB5507fE711847640bA2086CB11A75":1361.8688242749727,"0x02706C602c59F86Cc2EbD9aE662a25987A7C7986":1356.6887060557237,"0xb81B07Beda149C6B0AEe849D210ABf2Ee655e525":1330.3830984923054,"0x6C4a54e96E29FCd644d067f2f6dd54Cc3Fb8b21a":1206.127709825317,"0x906b4a9f69C1bbC14EdC8D141B4A22DF6726592B":1189.0231250987779,"0xbAc24192fD3FeF51f2671FA48e7B159A7191e8F5":1146.2156393401558,"0x4eaE4cda3F8c92cAA37E1dc5533824380985Db31":1120.6991588356861,"0x152c93a54F021bB5BD746786874EA7371C64dd1d":1113.2030549583526,"0x1bcC4dFF5Cf4e2a5EF2157A38f969De573882629":1098.039115809911,"0xA79eAa96e4CCcF529Ad6318b8673e8e004c2d7D2":1000.5566849977109,"0x1B560c8157F8baCDD7B39fdb5fFF10938acf2420":156.0220602814997,"0x9Cc2611b694DCc926aeB7a741F69d78AA9b58326":849.8280503091208,"0x6E3e9A1dEeD0CCe220edE30F7c76f92AAdF1F078":802.3456147117256,"0xBbf6aC1dc260aB7df6bE45fDA98FF41f869F2873":766.8247613205444,"0xb27C97Ff379cf77f1d190E67DfC62eb2F9Ed8556":376.71447817377685,"0x09074E4D60F8014bc8bf31bD48142C158Eb88B61":748.5500432153178,"0xee7a39Cc7f708937f8c48C5e93d2d165267d3C8c":742.4116889541152,"0x97470C1De3Af46E6291865fd8F1c401B39F5BfD9":716.0231232938412,"0x75AEC1D6Bdb2d63BeCFd6c65A01f3E2175B98A62":345.2877515197409,"0x05CBD6Fd7175274DC4579bD171Cff7270c344482":684.4258471387118,"0xcF0dF836B234e3896185C3E24fe359f960af49b7":592.9589947781305,"0xc66cbf3e4a7aFa55b2600a197910faB4767954a4":193.837645652839,"0xF662bD348766349AdE94BBbfd523CeCcC6049145":549.8537708471113,"0xA739d85016F816A0Bb2C359db0fe25587eDf488B":137.17038255363607,"0x4Fe49089770fE363fB07b5c19495c23B2863BeE6":263.0887537683069,"0xe3Cd03a78f302eF1DfEc4D589D7EAD806eea37d3":500.35042610019906,"0x6a65cC8e3Aa35bd8c8a5BF6A2aA335A5EC73Cd1B":96.65327974098679,"0xA0801EB72eac6FF68457cA96E952AA96cd491557":316.3211400527423,"0x09d7b566f83819Dc870467A589B70aa6EF2CE5b2":143.35132477300897,"0x33D935Ac178fa68C62AC5D199aE44519Fe026B4A":91.02335433769703,"0x32B8e1991c337c4dBD6F2789b7aA66164024C72a":248.73506245361656,"0xd866529875D9498f0C75266aCc5620e38B59D6C3":216.9970766097242,"0xA1EECA974975c29d84B4612DaBCDfb4128Cd21B4":215.65276982970641,"0x86aA0f0231A2267BC0ee99Be06D5d5609f08205A":10.621344524902833,"0xB4a6E5E088325096dc87E43D24D31dE6212795C4":206.7105692986902,"0x29199E981e293c9FB4134586094DE3C65Cf6DD19":205.57789288093116,"0x8e5360Cc37EE2f1c07381937130214d3eeb04FE1":177.72477492257906,"0x201b7d836751B9766e38f9840FC62DAcE0458fda":167.70164010588897,"0xedfe87301BD9aA18b4ed5B5BE222F781E5b9160B":89.04911567685578,"0xbd056Ec1deE313f88F2aeb5C3F529D6A14774ABB":28.80184519530833,"0x3D6991085Ab1ae3926cB96f25684C40a364B6856":11.42062391495117,"0x54e05ecD036E05143f3A455355b08e6cBbAAAd9a":16.62555199297247,"0xe5d81171D523cc6E68F5348710F3a62b2c6e795c":1.6518000910435011},